,followers
zazapachulia,308675
zachlavine8,1883652
orlandomagic,908234
jcollins20_,126043
bportistime,117042
mooremaya,241507
sylvia_fowles,37251
panicatthedisco,5115650
shelvin.mack,32690
houseobayne,143892
realbillrussell,84941
bronzewhale,9007
ottodayporter22,85188
tessamaethompson,2827279
gallo_locknez,15741
nemanjabjelica8,79416
laurimarkkanen,312969
brandonjennings,158
tylawson3,312991
jeriangrant,99690
fmason0,170904
pskills43,531137
kevinlove,2976607
3jmccollum,1180127
americanairlinesarena,67852
marcgasol,410127
des_linden,142017
juliancenter,997
jmglitxh27,347843
23.savage23,99580
staplescenterla,109405
kareemabduljabbar_33,757649
jeffhaynesmedia,8528
biggame_08,112647
giannis_an34,5440657
katielou33,110449
rickandmorty,3327810
cp3basketballacademy,10156
waltdisneyworld,7454646
hgiiizzle,290426
rebelwilson,6515548
georgesniang,61205
suns,1098403
nerlensnoel3,296955
nicholascollison,105847
sacramentokings,1154402
alexlen_21,41253
houseofhoops,231681
doedoe_10,28682
noahgphotos,53560
mitchellandness,502143
milosteodosic4,178875
jonlopez13,8119
bostonmarathon,191314
realjaywilliams,273018
pmccaw0,266426
fergie,4869922
iam1cent,333644
jcamerato,6785
ipromiseschool,374335
iamjustise,635874
kellyoubrejr,766638
damianlillard,6072679
mac11,489918
beyonce,128930514
graysonjallen,463314
nbakicks,475548
sbird10,208260
kyrieirving,12893889
anthonyanderson,1244370
mache275,558842
lesdogggg,1248683
cabs,943
eneskanter11,430642
memgrizz,766984
delonwright,105950
theofficialai3,6590653
divincenzo9,0
adamsilvernba,426576
andradaymusic,235023
iammontaellis,119212
jabariparker,521078
la_sparks,87400
pottheiser,6272
jumpman23,18123759
josh_j11,317553
chrisdaughtry,252576
ruffles,179857
biggametae,116996
billwalton,49874
ncrmuseum,15352
arsenal,14664235
okarowhite,24347
nbcsauthentic,334559
flydre21,164620
oanunoby,122860
rich_holmes22,48255
mr_carter5,336023
reggie_jackson,142831
y0bull,198240
youngamechanger,403976
michaelbjordan,11110428
luoldeng9,326795
pjtucker,496169
blakegriffin23,3614181
mozg25,194889
breannastewart30,175146
treyburke,362509
1ingram4,459
iamjamiefoxx,7188176
mikescottva,115407
hami.diallo,422466
iso_zo,224298
emmanuelmudiay,384973
dorisaburke,57464
gatorsmbk,58597
gustogummi88,139133
carmeloanthony,6570932
utahjazzgaming,3871
draganbender35,32564
nba2kleague,118663
chicagosky,66770
nbacoaches,7316
spidadmitchell,2380157
khembirch,10401
jjbarea11,368044
davidliamkyle,24020
nba,38342456
joeharris__12,60076
daluss_,5946
rmfycharlotte,1034
thenbpa,102744
kobebryant,9886598
qcook323,654127
kellyolynyk,160606
washwizards,1081321
_kw15,1228500
mettenarrative,337353
james16johnson_,44906
iam_jamesjohnson,58
dickssportinggoods,391141
rudygay,775286
alantwilliams,35095
markellefultz,2193170
furkankorkmaz,122183
fskpart3,200197
j_rob12,27413
tysonchandler,316600
nbahistory,3326309
leaninorg,175693
darrencollison_,28291
samlimon_,90
tomasatoransky,67474
fchwpo,1053871
dsabonis11,120200
youngheirgordon,984590
dejountemurray,723366
longislandnets,10982
al_horford,0
jharden13,9830495
therealmobamba,632448
atlhawks,1040339
puresweat,127636
sportsillustrated,1269958
ishsmith5,40799
chriswood_5,72236
cavs,7255738
nbaontnt,4003926
kuz,3206921
maximilian.kleber,33991
dbacon,225009
smith30,5554
iamtinathompson,48036
pr00fessortrill,567741
willyhernangomez,285683
trayfour,2179831
mikemancias1,42639
lsubasketball,60893
migos,10160743
moosemonroe15,128126
gtemp17,39877
zachcollins_33,91418
ud40,519585
sizzman3,88
matrix31,129244
justintimberlake,55727864
jrue_holiday11,209263
nba2kplaygrounds,42262
tarikbblack,97485
lukekennard5,208078
thibautcourtois,5907646
coryjoseph,210534
evanfournier10,115367
jdg7873,47248
dougmcd03,293846
nbagleague,766280
deandre,2117370
nba_africa,7453
g.green14,622675
44bojan,71055
houstonrockets,3766630
easymoneysniper,11194105
desmith4,858772
shabazznap13r,215164
paulpierce,788032
empirestatebldg,413453
expressmen,146556
troybrown.jr,46342
chiefhasarrived,85070
jokara95,0
ljff,33468
foestar13,286218
everybody_hatechriss,128841
jeramigrant,139647
stjude,306930
jonisaac_01,78150
hoodie5,225824
nvonleh,0
7tlc,55526
spurs,2707553
atolliver44,35591
eji_org,53727
rogerfederer,6267371
karltowns,2446077
ry_arch15,77258
dukembb,1215027
stephensonlance,1864845
realgranthill,309323
slcstars,8193
kingrawle,312185
jlin7,1860675
nerd,302618
boogiecousins,2968380
badbunnypr,17874111
sdinwiddie_2508,0
neweracap,1153653
famouslos32,1313835
sapsports,11971
jesser,569146
dwyanewade,14038286
nbastore,559073
jrich_0,182116
deanthony_melton,24829
waiters3,353951
bucks,1970888
stephencurry30,26103628
indianageorge3,218724
wayne_elli,69106
jabari_bird,22713
atlharrythehawk,12370
michael8easley,315524
trezz24,157243
clydefrazier,5464
djkhaled,15730878
rajonrondo,1132435
knicksgaming,12835
larrydn7,498120
iamkrislondon,508739
taylorswift,119021137
jessicaalba,15902093
bhcrusade,1324
docrivers,22654
theqarena,393
mrjloyd,21875
cp3,9048846
brooklynnets,1239706
mannypacquiao,5081347
sixers,1993709
spurs_austin,30699
liluzivert,9458797
jonasjerebko8,0
juanchiviris41,71078
nyknicks,2120305
melvinjrr,23601
terrellowens,377845
aldridge_121,373672
guerschony,76018
capitalcitygogo,7843
jhart,666850
cgray209,15650
skal_lab,93016
sixersfranklin,46915
atlantadream,28868
nbaallstar,1350347
e40,1397135
tulis3,362869
kyle.oquinn,105190
therealegriff,15138
teddysphotos,30094293
rosgo21,227285
greenranger14,832708
trey_duval,0
chadwickboseman,7011238
lrmuzician,560
allencrabbe,73248
keefmorris5.0,143805
dwhite921,68589
aja22wilson,134255
mbeasy5,89230
officialzobrown,27797
dillonbrooks24,119332
realtracymorgan,68
nbasummerleague,189334
dwightpowell,50130
lakers,8530153
bam1of1,205987
mbeli21,359234
leafsquad,104976
charliescott.33,759
officialeg10,297486
enikohart,2796539
okcthunder,4289701
dlamarc33,14447
austinjrivers,342646
garydwayne,57667
fibawc,242296
kostas__ante13,450854
godzgift_30,52942
dallasmavs,1256103
jbell,414216
treylyles,167386
neymarjr,121552583
andrewbogut,30428
illwil21,0
brian_babs_babineau,41211
sloot22,14496
mobil1,19199
realtristan13,3050592
jonasjerebko,174903
pushat305,9399
tiphayes3,33777
repyourwork,127
rademita,1308738
burniemiamiheat,24191
unitedmasters,206051
hoophall,338625
brookiethewookie11,0
sterlingbrown23,83845
tmac213,667676
mb3five,592491
spiceadams,1185303
_bigjayy_,95023
balapat,348937
btyphoto,1629
unclejeffgreen,314095
tharealjsimms,120745
meyersleonard11,196015
demarjaysmith,256297
phoenixmercury,64654
officialspikelee,1304853
budweiserusa,70085
treydavis5,1476
dofficialmutombo,313706
jalenbrunson1,100793
nbacares,585651
olskool888,2622
makeawishamerica,313068
treydaviis,4575
ains_mn,227296
billiejeanking,54876
chelseafc,17381469
joeingles7,168955
moritz_weasley,210876
hazardeden_10,23251633
justinbieber,114524686
finishline,783723
dreamville,924768
ahmad_monk,419633
lukadoncic,2740749
sergeibaka,1076096
fearthefro95,29954
memphishustle,11805
meekmill,17038435
winnieharlow,6226551
demarrecarroll1,196823
masonplumlee,0
blakeney96,202589
j3vans1,45680
devinrob1nson,28739
jjredick,0
utahjazz,827426
yutawatanabe12,60929
kristenledlow,246059
lebrechtmedia,5197
northcoastbluechips,94796
_dameology,0
taylorbennett,257670
okcblue,45248
kennysmith,293970
twitch,3384741
kyle_lowry7,1535923
impjrose,82292
wendellcarterjr,156928
aplayersprogram,79895
davidluiz_4,18955085
stevenash,917176
dmillerky,26355
de11edonne,390108
teamswish,4373335
channingfrye,312263
zach_ballin30,16691
macbo50,157494
cmohutchison,37277
usabasketball,3112638
dloading,3068803
carislevert,118384
bossmann99,401578
acfresh21,109383
brandonknight,156728
therealpjtucker17,36
sdot1414,667139
dulenader2,51690
mike_2reckless,4790
tissot.us,96983
nike,89405114
the_1_dragon,328435
govballnyc,104233
youtube,20201980
s_thornwell0,58542
stickity13,467168
dallaswings,43924
thonmaker,169775
louwillville,892057
gmb_chum12,616471
oregonmbb,63970
irv_roland,24719
alexabrines,150802
detroitpistons,912622
wessywes23,174048
shaq,12275240
seattlestorm,61735
allie14quigs,6304
spencerdinwiddie,171777
cbrickley603,680992
jaytatum0,2424725
njohn13,48473
taureanprince,157960
preedgolf,132835
djjasonleroux,1836
timmyjr10,464459
35_fitz,46501
dk2house,52852
attcenter,15156
kennethfaried35,519104
out,-1
russwest44,13386265
gwephoto,29962
lvaces,47028
masfresco,99265
megalodon20,128614
hunter_games31,57111
kumhotireusa,6759
jmcalderon8,98573
thierryhenry,2297135
lids,337765
obj,13400002
tajgibson22,447239
thanasis_ante43,456412
isaiahthomas,3645179
kocmj,67492
normanpowell4,261144
nbaacademy,88089
atf_33,169619
patbev21,268539
semiojeleye37,79
shai,189165
pierretpelican,9417
candaceparker,470991
mavsgg,17641
mgortat13,159997
ktoli20,19385
nenehilario_42,169754
justholla7,150873
patconnaughton,96373
irie,99325
skydigg4,997921
tobiasharris,363465
callme_nonstop,70315
d_dedmon3,51036
kporzee,1614534
markingram22,158
jasonwilliams55,235440
kpthrive,18512
statefarm,47132
deandreayton,389179
turner_myles,177969
freshfocussports,2680
dequanmjones,12125
samdek7,205429
landryshamet,80851
swaggyp1,3456888
bennythebull,245816
thebledshow,593912
swish41,850476
_wadeiv,37688
jayloaded0,26901
malcolmbrogdon,0
gabunion,13283946
bensimmons,4299795
jeremylamb1,112816
blakegriffin32,0
jakob,70250
timberwolves,1558949
milesbridges,287622
bismackbiyombo,113499
hassanwhiteside,702907
dtheis10,97112
frank_ntilikina,226881
antonio_michail,132140
rekehavoc1,140692
willthethrillb5,108007
chrisbosh,2251107
jah8,577184
dozier_kid,37304
22wiggins,1936288
michaeldapaah_,1429732
k_mid22,172346
stancehoops,323429
danilogallogallinari,337385
bigsean,11049355
thegarden,253743
imanshumpert,1848720
t.warren12,0
gordonhayward,1509247
jrnba,155302
grdrive,17924
omricasspi18,284429
kingjames,50206535
_dfavors15,78020
zmane2,2595
timfraz23,58075
wisconsinherd,29903
andredrummondd,1120019
kevin_huerter,61455
cassyathenaphoto,209077
quese,86108
nikebasketball,10941500
kgarea21,226818
ohsnapjbsmoove,190427
ninja,14045619
realcoleworld,4792266
wayneseldenjr,92602
afterschoolallstars,11928
whynotfoundation,37121
nbaonespn,3046630
therea1djones,229876
ecambage,144217
uabasketball,2026248
24baze,155477
jdot43,167878
underarmour,7557243
brlive,35863
johnhenson31,80729
chicagobulls,4471280
kknox_23,314178
nbaeurope,185507
evanturner,199889
rasualbutler8,41580
fredvanvleet,555172
kkorv26,721488
ipjh55,26635
kendricklamar,9517357
djaugustin,34562
frenchmontana,11986158
att,212967
jordanclarksons,1223326
mollysullivantv,18967
klaythompson,6654902
tpinsonn,126115
dbook,2440167
mikalbridges,83304
nmaahc,180145
leahlabelle,63571
eddavisxvii,126526
oraclearena,140723
barenakedladiesmusic,31134
markeaton7ft4,11880
spurscoyote,72385
swayyvo,6590
jjwatt,3598980
lonniewalkeriv,139959
asphaltchronicles,32098
omarispellman,41879
3tross1,355527
rhff,5825
sdotcurry,1945554
nikstauskas11,147440
reggiemillertnt,369536
alexbazzell24,36259
krisdunn3,133122
stanimal,300315
iisuperwomanii,8895039
footlocker,10243241
jimmybutler,4313186
joemurphyphoto,18322
j_lay_lay,46482
yankees,2280212
janellemonae,3182607
fs1,270211
nolimittb,75815
sfreemanphoto,5484
google,10216139
johnwall,4280927
celtics,4262388
littlechrisp,302472
americanexpress,360359
stuffmagic,25371
bogdanbogdanovic,530546
_alvo_,97069
zhaire_smith,50232
ygtrece,7931639
utahjazzsl,0
tic_pix,868541
dtaegraham,146094
50mejri,106372
averybradleycamps,0
brittneyyevettegriner,275430
natalienakase,12035
mkg14,199764
ivicazubac,167104
fiba,835141
daanteee,158031
gardenofdreamsfoundation,21
gorguidieng,111121
therealiceman44,29192
jarriusrobertson,202684
3dtv,5615
miamiheat,3442756
tristanj22,1292883
hbarnes,1134412
scoochstackin,15691
solohill,27717
complexcon,279427
redclawshoops,17789
1tyus,403581
buddylove242,465349
money23green,3388362
alhorford,521076
sportscenter,14272283
dominiquewilkins21,130905
sap,110071
denzelvalentine,188708
magicjohnson,1815107
1ngram4,2044350
antdavis23,3727057
t.snell_,49415
dwighthoward,1986591
minnesotalynx,76071
paugasol,1359462
javalemcgee,1309026
caronbutler,407499
champagnepapi,58469979
teamslowmo,136484
warriors,12381456
ianou76,52890
raptors905,63725
raptors,2897569
dzananmusa,59930
elfrid,125469
quavohuncho,13169478
nickfoles,331605
jdmccrary,187366
official_flo,776565
naterobinson,2087394
nbatv,5300687
officialzhouqi,66561
travisscott,17522023
kevindurant,0
jarrettjack03,111569
flyght5,11
rolls_royce00,85073
hugh_sheridan,87102
kellyschu,4843
matthewdelly,439238
ajones,17340
codyzeller,32099
kenny,100560
adr13nsanmiguel,101347
hornets,1049132
rudygobert27,333634
lindsaywhalen,42738
caldwellpope,209127
jusanderson1,88707
iam_j3,31249
bazz,121211
wholeteamdot,43131
boban,431083
roadtoriches_0,22442
rsherman25,2057608
troywilliams_,41327
_tonyparker09,464583
c_will_21,19004
malcolmbrogdon92,48
reemix05,44306
pharrell,12200682
dameology,73352
stevenadams,407992
shanelarkin_0,197193
tjmcconnell,128475
common,2980967
fergski23,43058
briskuno,84321
wnba,654722
jaren,122902
collinyoungbull,748578
instagram,305743706
jvalanciunas,259051
juniorknicks,3525
mpj,696805
rayemmanuel,109336
ralph,7650
thedr34m,133560
1tylerennis,136478
pelicansnba,1334514
chap,106866
mentornmp,2129
paulmillsap4,236875
t__cloud9,25598
medinasyracuse,1201
filayyyy,1618107
sviat_10,131874
nuggets,972314
antezizic,60469
darrenrovell,38297
washmystics,40268
lollapalooza,392684
bull1trc,176804
bradbeal3,944546
trailblazers,1494041
manuginobili,1117808
courtneylee,155799
wenyengabriel,59985
omarbensonmiller,109308
bosnianbeast27,396634
davidjdow,497
traeyoung,1514963
zo,6631774
vicoladipo,1384326
joelembiid,3616850
nicbatum88,220056
ds17_fg,1501181
katyperry,83288331
thats_g_,139629
djstephens30,102784
kevinhart4real,76279464
laclippers,2196646
ruuufio,516050
adidashoops,3014174
supermariohezonja,80962
h_sims14,4300
reellyphent,320
austinjmills,59069
natlyphoto,81456
swipathefox,1302383
beatsbydre,4274989
pacers,1578639
rgvvipers,14915
cediosman,577972
davidnwaba,49924
demar_derozan,2485747
ccapela15,274515
mgmresortsintl,73125
_cd13,56049
adbphotoinc,89282
nba2k,2893964
gordongram,6693558
musicbybalance,1307
andre,1826089
rjanderson33,62780
drewhanlen,187361
the_4th_holiday,61958
aarontaos,15440
cwallacelac,633
espn,13165094
iamamirjohnson,199751
moe_harkless,87484
tcraig3_,43149
juliusrandle30,769203
jeffteague,122996
